Product Name,Product Price,Item Number/SKU/Product Code,Model Number,Product Category,Product Description
"","","","","","coupons copy paper paper towels toilet paper coffee aa batteries white out paper plates staples trash bags  Sign in Sign in Welcome! Sign in Welcome! Sign in Sign in Create account Your account Account settings Reorder list Quill+ membership Orders Sign in Create account Order history Reorder list Order by item number Track order Reward points 0 0"
"","","","","","coupons copy paper paper towels toilet paper coffee aa batteries white out paper plates staples trash bags"
"","","","","",""
"","","","","","Sign in Sign in Welcome! Sign in Welcome! Sign in Sign in Create account Your account Account settings Reorder list Quill+ membership Orders Sign in Create account Order history Reorder list Order by item number Track order Reward points 0 0"
"","","","","","Shop Rewards center Sale Reorder Join Quill+ membership"
"","","","","","Compare selected Clear filters"
"","","","","",""
"","","","","",""
"","Office Supplies> Folders & Filing> Filing Folders> Hanging File Folders Office Supplies Folders & Filing Filing Folders Hanging File Folders Hanging File Folders","","","","Office Supplies Folders & Filing Filing Folders Hanging File Folders"
"","Hanging File Folders","","","",""
"","","","","","Read more"
"","Sort by:","","","","Brand  Clear Quill Brand (24) Quill Brand (24) TRU RED (6) TRU RED (6) Ampad (1) Ampad (1) Find It (4) Find It (4) Pendaflex (127) Pendaflex (127) Safco (1) Safco (1) Smead (78) Smead (78) Staples (25) Staples (25) Product ratings and up (211) and up (211) and up (234) and up (234) and up (235) and up (235) More ways to shop  Clear Best Sellers (220) Best Sellers (220) Recycled (104) Recycled (104) Price Go $0 - $10 (1) $0 - $10 (1) $10 - $20 (16) $10 - $20 (16) $20 - $30 (60) $20 - $30 (60) $30 - $40 (100) $30 - $40 (100) $40 - $50 (39) $40 - $50 (39) $50 - $60 (16) $50 - $60 (16) $60 - $70 (3) $60 - $70 (3) $70 - $80 (10) $70 - $80 (10) $80 - $90 (4) $80 - $90 (4) $90 - $100 (3) $90 - $100 (3) $100 - $150 (8) $100 - $150 (8) $150 - $200 (5) $150 - $200 (5) $200 - $300 (1) $200 - $300 (1) Folder expansion (inches)  Clear 3/4" (139) 3/4" (139) No Expansion (38) No Expansion (38) 2" (44) 2" (44) 3 1/2" (17) 3 1/2" (17) 3" (11) 3" (11) 1" (5) 1" (5) 4" (4) 4" (4) 5 1/4" (2) 5 1/4" (2) 1 3/4" (2) 1 3/4" (2) 1/2" (2) 1/2" (2) 2 1/2" (1) 2 1/2" (1) 7"+ (1) 7"+ (1) All filters Best match Price: High-Low Price: Low-High Rating: High-Low  "
"","","","","","Go"
"","","","$28.99 1-24 box Save 10% $25.99 25+ box $26.99 Per box $28.99 1-24 box Save 3% $27.99 25+ box $23.99 Per box $16.59 1-24 box Save 9% $14.99 25+ box $23.99 1-24 each Save 5% $22.59 25+ each $18.59 1-19 box Save 5% $17.59 20+ box $24.79 1-9 box Save 7% $22.99 10+ box $29.99 Per box $22.99 Per box $38.99 1-19 box Save 5% $36.99 20+ box $22.99 Per box $40.99 1-24 box Save 4% $38.99 25+ box $23.99 Save 20% $19.19 Per box $28.99 Per box $27.99 1-9 box Save 7% $25.99 10+ box $29.99 Per box $40.99 1-19 box Save 7% $37.99 20+ box $29.99 1-24 box Save 6% $27.99 25+ box $27.99 1-19 box Save 7% $25.99 20+ box $40.99 Per box $34.99 1-24 box Save 8% $31.99 25+ box $24.99 Per box $13.79 1-19 box Save 7% $12.79 20+ box","Add to cart    Add to cart    Add to cart    Add to cart    Add to cart    Add to cart    Add to cart    Add to cart    Add to cart    Add to cart    Add to cart    Add to cart    Add to cart    Add to cart    Add to cart    Add to cart    Add to cart    Add to cart    Add to cart    Add to cart    Add to cart    Add to cart    Add to cart   Notify me Choose alternatives    Redeem    Redeem","Quill Brand® 100% Recycled Hanging File Folders; 1/5-Cut Adjustable Tabs, Letter Size,Green, 50/Box (745215) (17) 1 1 2 3 4 5 6 7 8 9 10 Over 10  Add to cart Earn 28 points    Staples Reinforced Box Bottom Hanging File Folder, 2" Expansion, 5-Tab, Letter Size, Standard Green, 25/Box (TR20027) (61) 1 1 2 3 4 5 6 7 8 9 10 Over 10  Add to cart Earn 26 points    Pendaflex SureHook 5-Tab Hanging File Folders, Letter Size, Multicolor, 20/Box (6152 1/5 ASST) (316) 1 1 2 3 4 5 6 7 8 9 10 Over 10  Add to cart Earn 28 points    Staples Hanging File Folder, Legal Size, Standard Green, 25/Box (TR521252) (42) 1 1 2 3 4 5 6 7 8 9 10 Over 10  Add to cart Earn 23 points    Quill Brand® 100% Recycled Premium Reinforced 5-Tab Hanging File Folders, Letter Size, Green, 25/Box (76215P) (37) 1 1 2 3 4 5 6 7 8 9 10 Over 10  Add to cart Earn 16 points    Pendaflex SureHook Expanding File, 5.25" Expansion, A-Z Index, Letter Size, 10-Pocket, Blue (PFX 59225) (13) 1 1 2 3 4 5 6 7 8 9 10 Over 10  Add to cart Earn 23 points    Quill Brand® 100% Recycled Hanging File Folders; 1/5-Cut, Letter Size, Green, 25/Box (7Q5215) (133) 1 1 2 3 4 5 6 7 8 9 10 Over 10  Add to cart Earn 18 points    Pendaflex® SureHook® 5-Tab Hanging File Folders, Letter Size, Green, 20/Box (6152 1/5) (243) 1 1 2 3 4 5 6 7 8 9 10 Over 10  Add to cart Earn 24 points    Staples Reinforced Box Bottom Hanging File Folders, 2" Expansion, 5 Tab, Letter Size, Assorted, 25/Box (TR20028) (58) 1 1 2 3 4 5 6 7 8 9 10 Over 10  Add to cart Earn 29 points    Staples Hanging File Folder, 5-Tab, Letter Size, Blue, 25/Box (TR163501) (242) 1 1 2 3 4 5 6 7 8 9 10 Over 10  Add to cart Earn 22 points    Pendaflex SureHook Reinforced Hanging File Folders, Extra Capacity, Letter Size, Standard Green, 20/Box (PFX 6152x2) (31) 1 1 2 3 4 5 6 7 8 9 10 Over 10  Add to cart Earn 38 points    Staples Reinforced Hanging File Folders, 5-Tab, Letter Size, Blue/Green/Red/Orange/Yellow, 25/Box (TR18654) (531) 1 1 2 3 4 5 6 7 8 9 10 Over 10  Add to cart Earn 22 points    Quill Brand® 100% Recycled Hanging File Folders, 1/5-Cut, Legal Size, Green, 50/Box (745315) (10) 1 1 2 3 4 5 6 7 8 9 10 Over 10  Add to cart Earn 40 points    Pendaflex Glow 5-Tab Hanging File Folders, Letter Size, Multicolor, 25/Box (81672) (544) 1 1 2 3 4 5 6 7 8 9 10 Over 10  Add to cart Earn 19 points    Staples Hanging File Folder, 5-Tab, Letter Size, Red, 25/Box (TR163535) (147) 1 1 2 3 4 5 6 7 8 9 10 Over 10  Add to cart Earn 28 points    Quill Brand® Hanging File Folders, 1/5-Cut, Letter Size, Green, 25/Box (7387QGR) (5) 1 1 2 3 4 5 6 7 8 9 10 Over 10  Add to cart Earn 27 points    Staples Hanging File Folder, 5-Tab, Letter Size, Standard Green, 50/Box (TR266262) (413) 1 1 2 3 4 5 6 7 8 9 10 Over 10  Add to cart Earn 29 points    Quill Brand® Box Bottom Hanging File Folders, 3" Expansion, Letter Size, Dark Green, 25/Box (730052) (29) 1 1 2 3 4 5 6 7 8 9 10 Over 10  Add to cart Earn 40 points    Pendaflex SureHook Hanging File Folders, Legal Size, Standard Green, 20/Box (PFX 6153 1/5) (94) 1 1 2 3 4 5 6 7 8 9 10 Over 10  Add to cart Earn 29 points    Smead FasTab Hanging File Folders, 1/3 Cut, Letter Size, Multicolor, 18/Box (64053) (126) 1 1 2 3 4 5 6 7 8 9 10 Over 10  Add to cart Earn 27 points    Staples Heavy Duty Reinforced Hanging File Folders, 5-Tab, Legal Size, Assorted Colors, 25/Box (TR18657) (22) 1 1 2 3 4 5 6 7 8 9 10 Over 10  Add to cart Earn 40 points    Pendaflex Reinforced Hanging File Folders, 1/5 Tab, Letter Size, Assorted Jeweltone Colors, 25/Box (PFX 4152 1/5 ASST2) (19) 1 1 2 3 4 5 6 7 8 9 10 Over 10  Add to cart Earn 34 points    Staples Reinforced Box Bottom Hanging File Folder, 3" Expansion, Letter Size, Standard Green, 25/Box (TR418376) (30) 1 1 2 3 4 5 6 7 8 9 10 Over 10  Add to cart Earn 24 points    Quill Brand® 100% Recycled 5-Tab Hanging File Folders, Legal Size, Green, 25/Box (7Q5315) (54) Notify me Choose alternatives Earn 13 points 12 ounce French Press Coffee Maker   Details 1 1 2 3 4 5 6 7 8 9 10 Over 10    Redeem Redeem $5 off   Details   Redeem Redeem Starburst Fun Size 10.58 oz   Details 1 1 2 3 4 5 6 7 8 9 10 Over 10    Redeem Redeem $10 off   Details   Redeem Redeem"
"","","","$28.99 1-24 box Save 10% $25.99 25+ box $26.99 Per box $28.99 1-24 box Save 3% $27.99 25+ box $23.99 Per box $16.59 1-24 box Save 9% $14.99 25+ box $23.99 1-24 each Save 5% $22.59 25+ each $18.59 1-19 box Save 5% $17.59 20+ box $24.79 1-9 box Save 7% $22.99 10+ box $29.99 Per box $22.99 Per box $38.99 1-19 box Save 5% $36.99 20+ box $22.99 Per box $40.99 1-24 box Save 4% $38.99 25+ box $23.99 Save 20% $19.19 Per box $28.99 Per box $27.99 1-9 box Save 7% $25.99 10+ box $29.99 Per box $40.99 1-19 box Save 7% $37.99 20+ box $29.99 1-24 box Save 6% $27.99 25+ box $27.99 1-19 box Save 7% $25.99 20+ box $40.99 Per box $34.99 1-24 box Save 8% $31.99 25+ box $24.99 Per box $13.79 1-19 box Save 7% $12.79 20+ box","Add to cart    Add to cart    Add to cart    Add to cart    Add to cart    Add to cart    Add to cart    Add to cart    Add to cart    Add to cart    Add to cart    Add to cart    Add to cart    Add to cart    Add to cart    Add to cart    Add to cart    Add to cart    Add to cart    Add to cart    Add to cart    Add to cart    Add to cart   Notify me Choose alternatives","Quill Brand® 100% Recycled Hanging File Folders; 1/5-Cut Adjustable Tabs, Letter Size,Green, 50/Box (745215) (17) 1 1 2 3 4 5 6 7 8 9 10 Over 10  Add to cart Earn 28 points    Staples Reinforced Box Bottom Hanging File Folder, 2" Expansion, 5-Tab, Letter Size, Standard Green, 25/Box (TR20027) (61) 1 1 2 3 4 5 6 7 8 9 10 Over 10  Add to cart Earn 26 points    Pendaflex SureHook 5-Tab Hanging File Folders, Letter Size, Multicolor, 20/Box (6152 1/5 ASST) (316) 1 1 2 3 4 5 6 7 8 9 10 Over 10  Add to cart Earn 28 points    Staples Hanging File Folder, Legal Size, Standard Green, 25/Box (TR521252) (42) 1 1 2 3 4 5 6 7 8 9 10 Over 10  Add to cart Earn 23 points    Quill Brand® 100% Recycled Premium Reinforced 5-Tab Hanging File Folders, Letter Size, Green, 25/Box (76215P) (37) 1 1 2 3 4 5 6 7 8 9 10 Over 10  Add to cart Earn 16 points    Pendaflex SureHook Expanding File, 5.25" Expansion, A-Z Index, Letter Size, 10-Pocket, Blue (PFX 59225) (13) 1 1 2 3 4 5 6 7 8 9 10 Over 10  Add to cart Earn 23 points    Quill Brand® 100% Recycled Hanging File Folders; 1/5-Cut, Letter Size, Green, 25/Box (7Q5215) (133) 1 1 2 3 4 5 6 7 8 9 10 Over 10  Add to cart Earn 18 points    Pendaflex® SureHook® 5-Tab Hanging File Folders, Letter Size, Green, 20/Box (6152 1/5) (243) 1 1 2 3 4 5 6 7 8 9 10 Over 10  Add to cart Earn 24 points    Staples Reinforced Box Bottom Hanging File Folders, 2" Expansion, 5 Tab, Letter Size, Assorted, 25/Box (TR20028) (58) 1 1 2 3 4 5 6 7 8 9 10 Over 10  Add to cart Earn 29 points    Staples Hanging File Folder, 5-Tab, Letter Size, Blue, 25/Box (TR163501) (242) 1 1 2 3 4 5 6 7 8 9 10 Over 10  Add to cart Earn 22 points    Pendaflex SureHook Reinforced Hanging File Folders, Extra Capacity, Letter Size, Standard Green, 20/Box (PFX 6152x2) (31) 1 1 2 3 4 5 6 7 8 9 10 Over 10  Add to cart Earn 38 points    Staples Reinforced Hanging File Folders, 5-Tab, Letter Size, Blue/Green/Red/Orange/Yellow, 25/Box (TR18654) (531) 1 1 2 3 4 5 6 7 8 9 10 Over 10  Add to cart Earn 22 points    Quill Brand® 100% Recycled Hanging File Folders, 1/5-Cut, Legal Size, Green, 50/Box (745315) (10) 1 1 2 3 4 5 6 7 8 9 10 Over 10  Add to cart Earn 40 points    Pendaflex Glow 5-Tab Hanging File Folders, Letter Size, Multicolor, 25/Box (81672) (544) 1 1 2 3 4 5 6 7 8 9 10 Over 10  Add to cart Earn 19 points    Staples Hanging File Folder, 5-Tab, Letter Size, Red, 25/Box (TR163535) (147) 1 1 2 3 4 5 6 7 8 9 10 Over 10  Add to cart Earn 28 points    Quill Brand® Hanging File Folders, 1/5-Cut, Letter Size, Green, 25/Box (7387QGR) (5) 1 1 2 3 4 5 6 7 8 9 10 Over 10  Add to cart Earn 27 points    Staples Hanging File Folder, 5-Tab, Letter Size, Standard Green, 50/Box (TR266262) (413) 1 1 2 3 4 5 6 7 8 9 10 Over 10  Add to cart Earn 29 points    Quill Brand® Box Bottom Hanging File Folders, 3" Expansion, Letter Size, Dark Green, 25/Box (730052) (29) 1 1 2 3 4 5 6 7 8 9 10 Over 10  Add to cart Earn 40 points    Pendaflex SureHook Hanging File Folders, Legal Size, Standard Green, 20/Box (PFX 6153 1/5) (94) 1 1 2 3 4 5 6 7 8 9 10 Over 10  Add to cart Earn 29 points    Smead FasTab Hanging File Folders, 1/3 Cut, Letter Size, Multicolor, 18/Box (64053) (126) 1 1 2 3 4 5 6 7 8 9 10 Over 10  Add to cart Earn 27 points    Staples Heavy Duty Reinforced Hanging File Folders, 5-Tab, Legal Size, Assorted Colors, 25/Box (TR18657) (22) 1 1 2 3 4 5 6 7 8 9 10 Over 10  Add to cart Earn 40 points    Pendaflex Reinforced Hanging File Folders, 1/5 Tab, Letter Size, Assorted Jeweltone Colors, 25/Box (PFX 4152 1/5 ASST2) (19) 1 1 2 3 4 5 6 7 8 9 10 Over 10  Add to cart Earn 34 points    Staples Reinforced Box Bottom Hanging File Folder, 3" Expansion, Letter Size, Standard Green, 25/Box (TR418376) (30) 1 1 2 3 4 5 6 7 8 9 10 Over 10  Add to cart Earn 24 points    Quill Brand® 100% Recycled 5-Tab Hanging File Folders, Legal Size, Green, 25/Box (7Q5315) (54) Notify me Choose alternatives Earn 13 points"
"","","","$28.99 1-24 box Save 10% $25.99 25+ box","Add to cart","Quill Brand® 100% Recycled Hanging File Folders; 1/5-Cut Adjustable Tabs, Letter Size,Green, 50/Box (745215) (17) 1 1 2 3 4 5 6 7 8 9 10 Over 10  Add to cart"
"","","","","",""
"","","","","","(17)"
"","","","$28.99 1-24 box Save 10% $25.99 25+ box","",""
"","","","","Add to cart","1 1 2 3 4 5 6 7 8 9 10 Over 10  Add to cart"
"","","","","",""
"","","","","","Earn 28 points"
"","","","$26.99 Per box","Add to cart","Staples Reinforced Box Bottom Hanging File Folder, 2" Expansion, 5-Tab, Letter Size, Standard Green, 25/Box (TR20027) (61) 1 1 2 3 4 5 6 7 8 9 10 Over 10  Add to cart"
"","","","","",""
"","","","","","(61)"
"","","","$26.99 Per box","",""
"","","","","Add to cart","1 1 2 3 4 5 6 7 8 9 10 Over 10  Add to cart"
"","","","","",""
"","","","","","Earn 26 points"
"","","","$28.99 1-24 box Save 3% $27.99 25+ box","Add to cart","Pendaflex SureHook 5-Tab Hanging File Folders, Letter Size, Multicolor, 20/Box (6152 1/5 ASST) (316) 1 1 2 3 4 5 6 7 8 9 10 Over 10  Add to cart"
"","","","","",""
"","","","","","(316)"
"","","","$28.99 1-24 box Save 3% $27.99 25+ box","",""
"","","","","Add to cart","1 1 2 3 4 5 6 7 8 9 10 Over 10  Add to cart"
"","","","","",""
"","","","","","Earn 28 points"
"","","","$23.99 Per box","Add to cart","Staples Hanging File Folder, Legal Size, Standard Green, 25/Box (TR521252) (42) 1 1 2 3 4 5 6 7 8 9 10 Over 10  Add to cart"
"","","","","",""
"","","","","","(42)"
"","","","$23.99 Per box","",""
"","","","","Add to cart","1 1 2 3 4 5 6 7 8 9 10 Over 10  Add to cart"
"","","","","",""
"","","","","","Earn 23 points"
"","","","$16.59 1-24 box Save 9% $14.99 25+ box","Add to cart","Quill Brand® 100% Recycled Premium Reinforced 5-Tab Hanging File Folders, Letter Size, Green, 25/Box (76215P) (37) 1 1 2 3 4 5 6 7 8 9 10 Over 10  Add to cart"
"","","","","",""
"","","","","","(37)"
"","","","$16.59 1-24 box Save 9% $14.99 25+ box","",""
"","","","","Add to cart","1 1 2 3 4 5 6 7 8 9 10 Over 10  Add to cart"
"","","","","",""
"","","","","","Earn 16 points"
"","","","$23.99 1-24 each Save 5% $22.59 25+ each","Add to cart","Pendaflex SureHook Expanding File, 5.25" Expansion, A-Z Index, Letter Size, 10-Pocket, Blue (PFX 59225) (13) 1 1 2 3 4 5 6 7 8 9 10 Over 10  Add to cart"
"","","","","",""
"","","","","","(13)"
"","","","$23.99 1-24 each Save 5% $22.59 25+ each","",""
"","","","","Add to cart","1 1 2 3 4 5 6 7 8 9 10 Over 10  Add to cart"
"","","","","",""
"","","","","","Earn 23 points"
"","","","$18.59 1-19 box Save 5% $17.59 20+ box","Add to cart","Quill Brand® 100% Recycled Hanging File Folders; 1/5-Cut, Letter Size, Green, 25/Box (7Q5215) (133) 1 1 2 3 4 5 6 7 8 9 10 Over 10  Add to cart"
"","","","","",""
"","","","","","(133)"
"","","","$18.59 1-19 box Save 5% $17.59 20+ box","",""
"","","","","Add to cart","1 1 2 3 4 5 6 7 8 9 10 Over 10  Add to cart"
"","","","","",""
"","","","","","Earn 18 points"
"","","","$24.79 1-9 box Save 7% $22.99 10+ box","Add to cart","Pendaflex® SureHook® 5-Tab Hanging File Folders, Letter Size, Green, 20/Box (6152 1/5) (243) 1 1 2 3 4 5 6 7 8 9 10 Over 10  Add to cart"
"","","","","",""
"","","","","","(243)"
"","","","$24.79 1-9 box Save 7% $22.99 10+ box","",""
"","","","","Add to cart","1 1 2 3 4 5 6 7 8 9 10 Over 10  Add to cart"
"","","","","",""
"","","","","","Earn 24 points"
"","","","$29.99 Per box","Add to cart","Staples Reinforced Box Bottom Hanging File Folders, 2" Expansion, 5 Tab, Letter Size, Assorted, 25/Box (TR20028) (58) 1 1 2 3 4 5 6 7 8 9 10 Over 10  Add to cart"
"","","","","",""
"","","","","","(58)"
"","","","$29.99 Per box","",""
"","","","","Add to cart","1 1 2 3 4 5 6 7 8 9 10 Over 10  Add to cart"
"","","","","",""
"","","","","","Earn 29 points"
"","","","$22.99 Per box","Add to cart","Staples Hanging File Folder, 5-Tab, Letter Size, Blue, 25/Box (TR163501) (242) 1 1 2 3 4 5 6 7 8 9 10 Over 10  Add to cart"
"","","","","",""
"","","","","","(242)"
"","","","$22.99 Per box","",""
"","","","","Add to cart","1 1 2 3 4 5 6 7 8 9 10 Over 10  Add to cart"
"","","","","",""
"","","","","","Earn 22 points"
"","","","$38.99 1-19 box Save 5% $36.99 20+ box","Add to cart","Pendaflex SureHook Reinforced Hanging File Folders, Extra Capacity, Letter Size, Standard Green, 20/Box (PFX 6152x2) (31) 1 1 2 3 4 5 6 7 8 9 10 Over 10  Add to cart"
"","","","","",""
"","","","","","(31)"
"","","","$38.99 1-19 box Save 5% $36.99 20+ box","",""
"","","","","Add to cart","1 1 2 3 4 5 6 7 8 9 10 Over 10  Add to cart"
"","","","","",""
"","","","","","Earn 38 points"
"","","","$22.99 Per box","Add to cart","Staples Reinforced Hanging File Folders, 5-Tab, Letter Size, Blue/Green/Red/Orange/Yellow, 25/Box (TR18654) (531) 1 1 2 3 4 5 6 7 8 9 10 Over 10  Add to cart"
"","","","","",""
"","","","","","(531)"
"","","","$22.99 Per box","",""
"","","","","Add to cart","1 1 2 3 4 5 6 7 8 9 10 Over 10  Add to cart"
"","","","","",""
"","","","","","Earn 22 points"
"","","","$40.99 1-24 box Save 4% $38.99 25+ box","Add to cart","Quill Brand® 100% Recycled Hanging File Folders, 1/5-Cut, Legal Size, Green, 50/Box (745315) (10) 1 1 2 3 4 5 6 7 8 9 10 Over 10  Add to cart"
"","","","","",""
"","","","","","(10)"
"","","","$40.99 1-24 box Save 4% $38.99 25+ box","",""
"","","","","Add to cart","1 1 2 3 4 5 6 7 8 9 10 Over 10  Add to cart"
"","","","","",""
"","","","","","Earn 40 points"
"","","","$23.99 Save 20% $19.19 Per box","Add to cart","Pendaflex Glow 5-Tab Hanging File Folders, Letter Size, Multicolor, 25/Box (81672) (544) 1 1 2 3 4 5 6 7 8 9 10 Over 10  Add to cart"
"","","","","",""
"","","","","","(544)"
"","","","$23.99 Save 20% $19.19 Per box","",""
"","","","","Add to cart","1 1 2 3 4 5 6 7 8 9 10 Over 10  Add to cart"
"","","","","",""
"","","","","","Earn 19 points"
"","","","$28.99 Per box","Add to cart","Staples Hanging File Folder, 5-Tab, Letter Size, Red, 25/Box (TR163535) (147) 1 1 2 3 4 5 6 7 8 9 10 Over 10  Add to cart"
"","","","","",""
"","","","","","(147)"
"","","","$28.99 Per box","",""
"","","","","Add to cart","1 1 2 3 4 5 6 7 8 9 10 Over 10  Add to cart"
"","","","","",""
"","","","","","Earn 28 points"
"","","","$27.99 1-9 box Save 7% $25.99 10+ box","Add to cart","Quill Brand® Hanging File Folders, 1/5-Cut, Letter Size, Green, 25/Box (7387QGR) (5) 1 1 2 3 4 5 6 7 8 9 10 Over 10  Add to cart"
"","","","","",""
"","","","","","(5)"
"","","","$27.99 1-9 box Save 7% $25.99 10+ box","",""
"","","","","Add to cart","1 1 2 3 4 5 6 7 8 9 10 Over 10  Add to cart"
"","","","","",""
"","","","","","Earn 27 points"
"","","","$29.99 Per box","Add to cart","Staples Hanging File Folder, 5-Tab, Letter Size, Standard Green, 50/Box (TR266262) (413) 1 1 2 3 4 5 6 7 8 9 10 Over 10  Add to cart"
"","","","","",""
"","","","","","(413)"
"","","","$29.99 Per box","",""
"","","","","Add to cart","1 1 2 3 4 5 6 7 8 9 10 Over 10  Add to cart"
"","","","","",""
"","","","","","Earn 29 points"
"","","","$40.99 1-19 box Save 7% $37.99 20+ box","Add to cart","Quill Brand® Box Bottom Hanging File Folders, 3" Expansion, Letter Size, Dark Green, 25/Box (730052) (29) 1 1 2 3 4 5 6 7 8 9 10 Over 10  Add to cart"
"","","","","",""
"","","","","","(29)"
"","","","$40.99 1-19 box Save 7% $37.99 20+ box","",""
"","","","","Add to cart","1 1 2 3 4 5 6 7 8 9 10 Over 10  Add to cart"
"","","","","",""
"","","","","","Earn 40 points"
"","","","$29.99 1-24 box Save 6% $27.99 25+ box","Add to cart","Pendaflex SureHook Hanging File Folders, Legal Size, Standard Green, 20/Box (PFX 6153 1/5) (94) 1 1 2 3 4 5 6 7 8 9 10 Over 10  Add to cart"
"","","","","",""
"","","","","","(94)"
"","","","$29.99 1-24 box Save 6% $27.99 25+ box","",""
"","","","","Add to cart","1 1 2 3 4 5 6 7 8 9 10 Over 10  Add to cart"
"","","","","",""
"","","","","","Earn 29 points"
"","","","$27.99 1-19 box Save 7% $25.99 20+ box","Add to cart","Smead FasTab Hanging File Folders, 1/3 Cut, Letter Size, Multicolor, 18/Box (64053) (126) 1 1 2 3 4 5 6 7 8 9 10 Over 10  Add to cart"
"","","","","",""
"","","","","","(126)"
"","","","$27.99 1-19 box Save 7% $25.99 20+ box","",""
"","","","","Add to cart","1 1 2 3 4 5 6 7 8 9 10 Over 10  Add to cart"
"","","","","",""
"","","","","","Earn 27 points"
"","","","$40.99 Per box","Add to cart","Staples Heavy Duty Reinforced Hanging File Folders, 5-Tab, Legal Size, Assorted Colors, 25/Box (TR18657) (22) 1 1 2 3 4 5 6 7 8 9 10 Over 10  Add to cart"
"","","","","",""
"","","","","","(22)"
"","","","$40.99 Per box","",""
"","","","","Add to cart","1 1 2 3 4 5 6 7 8 9 10 Over 10  Add to cart"
"","","","","",""
"","","","","","Earn 40 points"
"","","","$34.99 1-24 box Save 8% $31.99 25+ box","Add to cart","Pendaflex Reinforced Hanging File Folders, 1/5 Tab, Letter Size, Assorted Jeweltone Colors, 25/Box (PFX 4152 1/5 ASST2) (19) 1 1 2 3 4 5 6 7 8 9 10 Over 10  Add to cart"
"","","","","",""
"","","","","","(19)"
"","","","$34.99 1-24 box Save 8% $31.99 25+ box","",""
"","","","","Add to cart","1 1 2 3 4 5 6 7 8 9 10 Over 10  Add to cart"
"","","","","",""
"","","","","","Earn 34 points"
"","","","$24.99 Per box","Add to cart","Staples Reinforced Box Bottom Hanging File Folder, 3" Expansion, Letter Size, Standard Green, 25/Box (TR418376) (30) 1 1 2 3 4 5 6 7 8 9 10 Over 10  Add to cart"
"","","","","",""
"","","","","","(30)"
"","","","$24.99 Per box","",""
"","","","","Add to cart","1 1 2 3 4 5 6 7 8 9 10 Over 10  Add to cart"
"","","","","",""
"","","","","","Earn 24 points"
"","","","$13.79 1-19 box Save 7% $12.79 20+ box","Notify me Choose alternatives","Quill Brand® 100% Recycled 5-Tab Hanging File Folders, Legal Size, Green, 25/Box (7Q5315) (54) Notify me Choose alternatives"
"","","","","",""
"","","","","","(54)"
"","","","$13.79 1-19 box Save 7% $12.79 20+ box","",""
"","","","","Notify me Choose alternatives","Notify me Choose alternatives"
"","","","","","Earn 13 points"
"","","","","","12 ounce French Press Coffee Maker   Details"
"","","","","","Details"
"","","","","","Details"
"","","","","Redeem","1 1 2 3 4 5 6 7 8 9 10 Over 10    Redeem Redeem"
"","","","","","$5 off   Details"
"","","","","","Details"
"","","","","","Details"
"","","","","","Redeem Redeem"
"","","","","","Starburst Fun Size 10.58 oz   Details"
"","","","","","Details"
"","","","","","Details"
"","","","","Redeem","1 1 2 3 4 5 6 7 8 9 10 Over 10    Redeem Redeem"
"","","","","","$10 off   Details"
"","","","","","Details"
"","","","","","Details"
"","","","","","Redeem Redeem"
"","","","","","2 3 "
"","","","","",""
"","","","","","Customer service Order history & tracking Returns Manage your account Invoices & account balance Help center / FAQs Shipping & order policies Warranty & recall information Privacy & security policies Contact us Programs & services Quill+ membership Rewards program Net 30 Terms Ink & toner recycling Custom print & promotional products Document printing Enterprise purchasing manager Furniture specialists Quill ideas Shopping tools Reorder & favorites lists Ink & toner finder Your printers Order by item number Reward center About Quill Welcome to Quill Newsroom Careers"
"","","","","","Contact us ©Quill Lincolnshire, Inc. 2023, All rights reserved. Terms & conditions Privacy notice California notice Do not sell or share my personal information"
"","","","","","Continue shopping View cart View cart Checkout Checkout"
